docId,horseId,name,trainer,number,jockey,odds,competitionId,race
jeriko_du_reponet,jeriko_du_reponet,Jeriko Du Reponet,N J Henderson,1,D O'Connor,4/1,cheltenham_2026,17:20 Thursday
monbeg_genius,monbeg_genius,Monbeg Genius,Jonjo & A J O'Neill,2,J L Scallan,25/1,cheltenham_2026,17:20 Thursday
the_enabler,the_enabler,The Enabler,G Elliott,3,R James,20/1,cheltenham_2026,17:20 Thursday
il_ridoto,il_ridoto,Il Ridoto,P F Nicholls,6,O Nicholls,20/1,cheltenham_2026,17:20 Thursday
insurrection,insurrection,Insurrection,P F Nicholls,4,Gina Andrews,33/1,cheltenham_2026,17:20 Thursday
sandor_clegane,sandor_clegane,Sandor Clegane,P Nolan,5,J W Hendrick,20/1,cheltenham_2026,17:20 Thursday
herakles_westwood,herakles_westwood,Herakles Westwood,W Greatrex,8,F Maguire,10/1,cheltenham_2026,17:20 Thursday
king's_threshold,king's_threshold,King's Threshold,Miss E C Lavelle,9,H C Swan,20/1,cheltenham_2026,17:20 Thursday
prends_garde_a_toi,prends_garde_a_toi,Prends Garde A Toi,G Elliott,7,B O'Neill,14/1,cheltenham_2026,17:20 Thursday
uncle_bert,uncle_bert,Uncle Bert,Nigel & Willy Twiston-Davies,12,Amber Jackson-Fennell,33/1,cheltenham_2026,17:20 Thursday
waterford_whispers,waterford_whispers,Waterford Whispers,H De Bromhead,11,Alan O'Sullivan,9/2,cheltenham_2026,17:20 Thursday
weveallbeencaught,weveallbeencaught,Weveallbeencaught,E McNamara,10,J C Barry,20/1,cheltenham_2026,17:20 Thursday
daily_present,daily_present,Daily Present,P Nolan,13,B T Stone,16/1,cheltenham_2026,17:20 Thursday
olympic_man,olympic_man,Olympic Man,J C McConnell,14,D Doyle,50/1,cheltenham_2026,17:20 Thursday
excello,excello,Excello,N J Henderson,15,Henry Main,25/1,cheltenham_2026,17:20 Thursday
cave_court,cave_court,Cave Court,N C Kelly,18,O McGill,50/1,cheltenham_2026,17:20 Thursday
glengouly,glengouly,Glengouly,Faye Bramley,16,D McGill,33/1,cheltenham_2026,17:20 Thursday
kim_roque,kim_roque,Kim Roque,J P O'Brien,19,J L Gleeson,8/1,cheltenham_2026,17:20 Thursday
road_to_home,road_to_home,Road To Home,W P Mullins,17,P W Mullins,14/1,cheltenham_2026,17:20 Thursday
gericault_roque,gericault_roque,Gericault Roque,D Pipe,20,B Lawless,25/1,cheltenham_2026,17:20 Thursday
no_time_to_wait,no_time_to_wait,No Time To Wait,J C McConnell,21,J M Halford,50/1,cheltenham_2026,17:20 Thursday
ask_brewster,ask_brewster,Ask Brewster,Evan Williams,22,S Cotter,20/1,cheltenham_2026,17:20 Thursday
hung_jury,hung_jury,Hung Jury,M Keighley,23,James King,50/1,cheltenham_2026,17:20 Thursday
lord_accord,lord_accord,Lord Accord,N P Mulholland,24,Mr N McParlan,33/1,cheltenham_2026,17:20 Thursday
staffordshire_knot,staffordshire_knot,Staffordshire Knot,G Elliott,1,Jack Kennedy,14/1,cheltenham_2026,16:40 Thursday
gowel_road,gowel_road,Gowel Road,Nigel & Willy Twiston-Davies,2,Toby McCain-Mitchell,20/1,cheltenham_2026,16:40 Thursday
ace_of_spades,ace_of_spades,Ace Of Spades,Dan Skelton,4,Kielan Woods,12/1,cheltenham_2026,16:40 Thursday
electric_mason,electric_mason,Electric Mason,C Gordon,3,Freddie Gordon,10/1,cheltenham_2026,16:40 Thursday
minella_sixo,minella_sixo,Minella Sixo,G Elliott,5,Sam Ewing,20/1,cheltenham_2026,16:40 Thursday
absolutely_doyen,absolutely_doyen,Absolutely Doyen,P F Nicholls,8,Harry Cobden,14/1,cheltenham_2026,16:40 Thursday
kikijo,kikijo,Kikijo,P Hobbs & J White,6,Callum Pritchard,14/1,cheltenham_2026,16:40 Thursday
supremely_west,supremely_west,Supremely West,Dan Skelton,7,Harry Skelton,4/1,cheltenham_2026,16:40 Thursday
classic_king,classic_king,Classic King,Miss E C Lavelle,10,Ben Jones,25/1,cheltenham_2026,16:40 Thursday
red_dirt_road,red_dirt_road,Red Dirt Road,Jonjo & A J O'Neill,9,Jonjo O'Neill Jr,33/1,cheltenham_2026,16:40 Thursday
duke_silver,duke_silver,Duke Silver,J P O'Brien,13,Hugh Horgan,25/1,cheltenham_2026,16:40 Thursday
ikarak,ikarak,Ikarak,O Murphy,12,Sean Bowen,33/1,cheltenham_2026,16:40 Thursday
lavida_adiva,lavida_adiva,Lavida Adiva,Ruth Jefferson,11,B S Hughes,16/1,cheltenham_2026,16:40 Thursday
yeah_man,yeah_man,Yeah Man,G P Cromwell,14,Conor Stone-Walsh,16/1,cheltenham_2026,16:40 Thursday
idy_wood,idy_wood,Idy Wood,Jamie Snowden,16,G Sheehan,33/1,cheltenham_2026,16:40 Thursday
letos,letos,Letos,A Mullins,17,Danny Mullins,16/1,cheltenham_2026,16:40 Thursday
melbourne_shamrock,melbourne_shamrock,Melbourne Shamrock,E Mullins,15,Donagh Meyler,12/1,cheltenham_2026,16:40 Thursday
c'est_different,c'est_different,C'est Different,S Thomas,19,Dylan Johnstone,8/1,cheltenham_2026,16:40 Thursday
champagne_chic,champagne_chic,Champagne Chic,J Scott,18,Lorcan Williams,16/1,cheltenham_2026,16:40 Thursday
bold_endeavour,bold_endeavour,Bold Endeavour,N J Henderson,21,James Bowen,14/1,cheltenham_2026,16:40 Thursday
minella_emperor,minella_emperor,Minella Emperor,E Mullins,20,M J O'Neill,10/1,cheltenham_2026,16:40 Thursday
onewaywest,onewaywest,Onewaywest,B Pauling,22,Elliott England,25/1,cheltenham_2026,16:40 Thursday
idem,idem,Idem,L Russell & M Scudamore,23,P W Wadge,50/1,cheltenham_2026,16:40 Thursday
ike_sport,ike_sport,Ike Sport,N P Mulholland,24,C O'Farrell,50/1,cheltenham_2026,16:40 Thursday
banbridge,banbridge,Banbridge,J P O'Brien,1,Sean Bowen,6/1,cheltenham_2026,16:00 Thursday
croke_park,croke_park,Croke Park,G Elliott,2,Jack Kennedy,100/1,cheltenham_2026,16:00 Thursday
fact_to_file,fact_to_file,Fact To File,W P Mullins,3,Mark Walsh,4/6,cheltenham_2026,16:00 Thursday
heart_wood,heart_wood,Heart Wood,H De Bromhead,4,Darragh O'Keeffee,8/1,cheltenham_2026,16:00 Thursday
impaire_et_passe,impaire_et_passe,Impaire Et Passe,W P Mullins,5,Paul Townend,7/1,cheltenham_2026,16:00 Thursday
jonbon,jonbon,Jonbon,N J Henderson,6,Nico de Boinville,13/2,cheltenham_2026,16:00 Thursday
jpr_one,jpr_one,Jpr One,J Tizzard,7,Brendan Powell,33/1,cheltenham_2026,16:00 Thursday
master_chewy,master_chewy,Master Chewy,Nigel & Willy Twiston-Davies,8,Sam Twiston-Davies,100/1,cheltenham_2026,16:00 Thursday
matata,matata,Matata,Nigel & Willy Twiston-Davies,9,J J Slevin,50/1,cheltenham_2026,16:00 Thursday
ballyburn,ballyburn,Ballyburn,W P Mullins,1,Paul Townend,8/1,cheltenham_2026,15:20 Thursday
bob_olinger,bob_olinger,Bob Olinger,H De Bromhead,2,Darragh O'Keeffee,13/2,cheltenham_2026,15:20 Thursday
doddiethegreat,doddiethegreat,Doddiethegreat,N J Henderson,3,James Bowen,50/1,cheltenham_2026,15:20 Thursday
gwennie_may_boy,gwennie_may_boy,Gwennie May Boy,O Murphy,4,C J Todd,100/1,cheltenham_2026,15:20 Thursday
hewick,hewick,Hewick,J J Hanlon,5,Paddy Hanlon,33/1,cheltenham_2026,15:20 Thursday
home_by_the_lee,home_by_the_lee,Home By The Lee,J P O'Brien,6,J J Slevin,33/1,cheltenham_2026,15:20 Thursday
honesty_policy,honesty_policy,Honesty Policy,G Elliott,7,Mark Walsh,9/2,cheltenham_2026,15:20 Thursday
impose_toi,impose_toi,Impose Toi,N J Henderson,8,Nico de Boinville,10/1,cheltenham_2026,15:20 Thursday
kabral_du_mathan,kabral_du_mathan,Kabral Du Mathan,Dan Skelton,9,Harry Skelton,7/2,cheltenham_2026,15:20 Thursday
ma_shantou,ma_shantou,Ma Shantou,Miss E C Lavelle,10,Harry Cobden,6/1,cheltenham_2026,15:20 Thursday
teahupoo,teahupoo,Teahupoo,G Elliott,11,Jack Kennedy,11/4,cheltenham_2026,15:20 Thursday
dream_on_baby,dream_on_baby,Dream On Baby,E Mullins,1,Donagh Meyler,33/1,cheltenham_2026,14:40 Thursday
feet_of_a_dancer,feet_of_a_dancer,Feet Of A Dancer,P Nolan,2,Sean O'Keeffe,8/1,cheltenham_2026,14:40 Thursday
jade_de_grugy,jade_de_grugy,Jade De Grugy,W P Mullins,3,Paul Townend,3/1,cheltenham_2026,14:40 Thursday
jetara,jetara,Jetara,Mrs J Harrington,4,Sam Ewing,25/1,cheltenham_2026,14:40 Thursday
sunset_marquesa,sunset_marquesa,Sunset Marquesa,J Tizzard,5,Brendan Powell,66/1,cheltenham_2026,14:40 Thursday
take_no_chances,take_no_chances,Take No Chances,Dan Skelton,6,Harry Skelton,8/1,cheltenham_2026,14:40 Thursday
wodhooh,wodhooh,Wodhooh,G Elliott,7,Jack Kennedy,4/6,cheltenham_2026,14:40 Thursday
gold_dancer,gold_dancer,Gold Dancer,W P Mullins,1,Anna McGuinness,25/1,cheltenham_2026,14:00 Thursday
sixmilebridge,sixmilebridge,Sixmilebridge,F O'Brien,2,Kielen Woods,7/1,cheltenham_2026,14:00 Thursday
slade_steel,slade_steel,Slade Steel,H De Bromhead,3,Darragh O'Keeffee,15/2,cheltenham_2026,14:00 Thursday
ol_man_dingle,ol_man_dingle,Ol Man Dingle,E Griffin,5,Ricky Doyle,25/1,cheltenham_2026,14:00 Thursday
regent's_stroll,regent's_stroll,Regent's Stroll,P F Nicholls,4,Harry Cobden,9/2,cheltenham_2026,14:00 Thursday
king_alexander,king_alexander,King Alexander,W P Mullins,6,Danny Mullins,25/1,cheltenham_2026,14:00 Thursday
wingmen,wingmen,Wingmen,G Elliott,7,Jack Kennedy,12/1,cheltenham_2026,14:00 Thursday
kiss_will,kiss_will,Kiss Will,W P Mullins,8,J J Slevin,12/1,cheltenham_2026,14:00 Thursday
jordans_cross,jordans_cross,Jordans Cross,A J Honeyball,10,Sam Twiston-Davies,8/1,cheltenham_2026,14:00 Thursday
moon_rocket,moon_rocket,Moon Rocket,K C Bailey,9,Thomas Bellamy,25/1,cheltenham_2026,14:00 Thursday
meetmebythesea,meetmebythesea,Meetmebythesea,B Pauling,11,Ben Jones,5/1,cheltenham_2026,14:00 Thursday
intense_approach,intense_approach,Intense Approach,J C McConnell,12,Alex Harvey,50/1,cheltenham_2026,14:00 Thursday
stencil,stencil,Stencil,N & A Zetterholm,13,J J Burke,10/1,cheltenham_2026,14:00 Thursday
western_knight,western_knight,Western Knight,J Tizzard,14,Brendan Powell,33/1,cheltenham_2026,14:00 Thursday
old_cowboy,old_cowboy,Old Cowboy,G & J Moore,15,NON RUNNER,NR,cheltenham_2026,14:00 Thursday
the_bluesman,the_bluesman,The Bluesman,O Murphy,16,Sean Bowen,12/1,cheltenham_2026,14:00 Thursday
where's_my_jet,where's_my_jet,Where's My Jet,W P Mullins,17,Sean O'Keeffe,33/1,cheltenham_2026,14:00 Thursday
kdeux_saint_fray,kdeux_saint_fray,Kdeux Saint Fray,A J Honeyball,18,Rex Dingle,16/1,cheltenham_2026,14:00 Thursday
dr_eggman,dr_eggman,Dr Eggman,W P Mullins,19,John Shinnick,33/1,cheltenham_2026,14:00 Thursday
ben_solo,ben_solo,Ben Solo,Miss R Curtis,20,B S Hughes,33/1,cheltenham_2026,14:00 Thursday
al_fonce,al_fonce,Al Fonce,N & A Zetterholm,1,Jordan Gainford,50/1,cheltenham_2026,13:20 Thursday
amen_kate,amen_kate,Amen Kate,T Cooper,2,Jack Kennedy,33/1,cheltenham_2026,13:20 Thursday
bambino_fever,bambino_fever,Bambino Fever,W P Mullins,3,Paul Townend,6/5,cheltenham_2026,13:20 Thursday
blue_velvet,blue_velvet,Blue Velvet,W P Mullins,4,Sean O'Keeffe,50/1,cheltenham_2026,13:20 Thursday
carrigmoornaspruce,carrigmoornaspruce,Carrigmoornaspruce,D Queally,5,James Bowen,10/1,cheltenham_2026,13:20 Thursday
chosen_comrade,chosen_comrade,Chosen Comrade,Peter Fahey,6,Sam Ewing,66/1,cheltenham_2026,13:20 Thursday
diamond_du_berlais,diamond_du_berlais,Diamond Du Berlais,W P Mullins,7,Mr P W Mullins,25/1,cheltenham_2026,13:20 Thursday
echoing_silence,echoing_silence,Echoing Silence,H De Bromhead,8,Darragh O'Keeffee,12/1,cheltenham_2026,13:20 Thursday
full_of_life,full_of_life,Full Of Life,H De Bromhead,9,Mike O'Connor,25/1,cheltenham_2026,13:20 Thursday
future_prospect,future_prospect,Future Prospect,W P Mullins,10,Harry Cobden,20/1,cheltenham_2026,13:20 Thursday
jackie_hobbs,jackie_hobbs,Jackie Hobbs,Harry Derham,11,Paul O'Brien,33/1,cheltenham_2026,13:20 Thursday
kingston_queen,kingston_queen,Kingston Queen,D Pipe,12,Jack Tudor,20/1,cheltenham_2026,13:20 Thursday
la_conquiere,la_conquiere,La Conquiere,Jamie Snowden,13,G Sheehan,14/1,cheltenham_2026,13:20 Thursday
louve_d'irlande,louve_d'irlande,Louve D'irlande,P Nolan,14,Conor Stone-Walsh,66/1,cheltenham_2026,13:20 Thursday
oldschool_outlaw,oldschool_outlaw,Oldschool Outlaw,G Elliott,15,Mark Walsh,4/1,cheltenham_2026,13:20 Thursday
place_de_la_nation,place_de_la_nation,Place De La Nation,W P Mullins,16,Danny Gilligan,20/1,cheltenham_2026,13:20 Thursday
scavengers_reign,scavengers_reign,Scavengers Reign,James Owen,17,Sam Twiston-Davies,150/1,cheltenham_2026,13:20 Thursday
st_irene,st_irene,St Irene,Nick Scholfield,18,J M Quinlan,66/1,cheltenham_2026,13:20 Thursday
white_noise,white_noise,White Noise,K C Bailey,19,Thomas Bellamy,33/1,cheltenham_2026,13:20 Thursday
charme_de_faust,charme_de_faust,Charme De Faust,W P Mullins,20,Danny Mullins,14/1,cheltenham_2026,13:20 Thursday
manganese,manganese,Manganese,Max Comley,21,David Bass,50/1,cheltenham_2026,13:20 Thursday
mille_et_une_vies,mille_et_une_vies,Mille Et Une Vies,Dan Skelton,22,Harry Skelton,25/1,cheltenham_2026,13:20 Thursday
